,cust_id,country,amount_spent
1711,14646,Netherlands,280206.01999999984
4241,18102,United Kingdom,259657.30000000005
3766,17450,United Kingdom,194550.79000000007
3041,16446,United Kingdom,168472.5
1903,14911,EIRE,143825.05999999944
